domain,comment
anz-bhg.narod.ru,domain suggested by pleias
,domain suggested by pleias
bigmir.net,domain suggested by pleias
opiumband.com,domain suggested by pleias
chak-chy-pravylno-my-hovorymo.wikidot.com,domain suggested by pleias
uamodna.com,domain suggested by pleias
ponomariv-kultura-slova.wikidot.com,domain suggested by pleias
pravochin.com.ua,domain suggested by pleias
ukrkino.com.ua,domain suggested by pleias
ulif.org.ua,domain suggested by pleias
galychyna.if.ua,domain suggested by pleias
flibusta.site,domain suggested by pleias
EXPRES.UA,domain suggested by pleias
tyzhden.ua,domain suggested by pleias
libraria.ua,domain suggested by pleias
zbruc.eu,domain suggested by pleias
dspace.nbuv.gov.ua,domain suggested by pleias
ukrcenter.com,domain suggested by pleias
diasporiana.org.ua,domain suggested by pleias
mgirnews.in.ua,domain suggested by pleias
irshavanews.in.ua,domain suggested by pleias
tyachivnews.in.ua,domain suggested by pleias
beregovonews.in.ua,domain suggested by pleias
khustnews.in.ua,domain suggested by pleias
vynohradivnews.in.ua,domain suggested by pleias
coollib.com,domain suggested by pleias
chtyvo.org.ua,domain suggested by pleias
scc.univ.kiev.ua,domain suggested by pleias
ukrlib.com.ua,domain suggested by pleias
myslenedrevo.com.ua,domain suggested by pleias
toloka.to,domain suggested by pleias
oldnewspapers.com.ua,domain suggested by pleias
facebook.com,domain suggested by pleias
litopys.org.ua,domain suggested by pleias
izbornyk.org.ua,domain suggested by pleias
constituanta.blogspot.com,domain suggested by pleias
vpered.wordpress.com,domain suggested by pleias
l-ukrainka.name,domain suggested by pleias
beztaboo.narod.ru,domain suggested by pleias
chytanka.com.ua,domain suggested by pleias
divczata.org,domain suggested by pleias
bystrytsky.org,domain suggested by pleias
library.kr.ua,domain suggested by pleias
e-reading.club,domain suggested by pleias
prosvita-ks.co.ua,domain suggested by pleias
uk.wikisource.org,domain suggested by pleias
coollib.net,domain suggested by pleias
wz.lviv.ua,domain suggested by pleias
dramaturg.org.ua,domain suggested by pleias
prozhito.org,domain suggested by pleias
ae-lib.org.ua,domain suggested by pleias
i-franko.name,domain suggested by pleias
kulturamovy.univ.kiev.ua,domain suggested by pleias
inmo.org.ua,domain suggested by pleias
pda.coollib.xyz,domain suggested by pleias
uartlib.org,domain suggested by pleias
firtka.if.ua,domain suggested by pleias
javalibre.com.ua,domain suggested by pleias
iul-nasu.org.ua,domain suggested by pleias
svoboda-news.com,domain suggested by pleias
versii.if.ua,domain suggested by pleias
report.if.ua,domain suggested by pleias
argo-unf.at.ua,domain suggested by pleias
ua-kobzar.livejournal.com,domain suggested by pleias
knigism.net,domain suggested by pleias
royallib.com,domain suggested by pleias
uamoderna.com,domain suggested by pleias
dt.ua,domain suggested by pleias
r2u.org.ua,domain suggested by pleias
proridne.org,domain suggested by pleias
docop.dp.ua,domain suggested by pleias
eurointegration.com.ua,domain suggested by pleias
litmir.me,domain suggested by pleias
bukvoid.com.ua,domain suggested by pleias
texty.org.ua,domain suggested by pleias
ukrcwm.com,domain suggested by pleias
fb5.online,domain suggested by pleias
readli.net,domain suggested by pleias
galnet.fm,domain suggested by pleias
ukr.movoznavstvo.knu.ua,domain suggested by pleias
tymoshenko.ua,domain suggested by pleias
blog.yakaboo.ua,domain suggested by pleias
artmuseum.lebedyn.org,domain suggested by pleias
litakcent.com,domain suggested by pleias
diasporiana.org.ua,domain suggested by pleias
testlib.meta.ua,domain suggested by pleias
flibusta.is,domain suggested by pleias
tsn.ua,domain suggested by pleias
litostriv.info,domain suggested by pleias
ua.korrespondent.net,domain suggested by pleias
live-christ.com,domain suggested by pleias
amnesia.in.ua,domain suggested by pleias
lysty.net.ua,domain suggested by pleias
maysterni.com,domain suggested by pleias
kurylo.wikidot.com,domain suggested by pleias
rulit.me,domain suggested by pleias
m-hrushevsky.name,domain suggested by pleias
movahistory.org.ua,domain suggested by pleias
musicinukrainian.wordpress.com,domain suggested by pleias
blogs.pravda.com.ua,domain suggested by pleias